,title,link
0,[1986]하나같이 열광했던 잭니클라우스,https://youtube.com/watch?v=3ay-rFgC-mc
1,회원권이 무려 10억원이 넘는다는 잭니클라우스cc [골프도하 골프장 v-log],https://youtube.com/watch?v=BGSQOJaCMek
2,아무나 못가는 국내 명문 회원제 골프장 TOP20,https://youtube.com/watch?v=AjKR5Nc-Lac
3,"[EP.22-1] 국내 최고의 프라이빗 코스! PRESIDENTS CUP과 GENESIS CHAMPIONSHIP의 개최지! 골프앙, 잭니클라우스CC에 가다!",https://youtube.com/watch?v=uemppDgs3wE
4,"프레지던츠컵~ 배상문 아이언샷, 잭니클라우스GC [스윙학개론_Presidents CUP]",https://youtube.com/watch?v=_wY8nU6Fj5U
5,잭 니콜라스 골프 클럽,https://youtube.com/watch?v=7gK4HMlIht0
6,골프황제들의 스윙 슬로우모션,https://youtube.com/watch?v=97xY0uatNMM
7,잭니클라우스가 설계한 골프장! @베어즈베스트 청라GC _[어썸브로 골프 Ep.04],https://youtube.com/watch?v=KLEDyB9sMtI
8,잭 니클라우스cc 가수이용 박남정 정재훈 유영수,https://youtube.com/watch?v=ef-YsB5uamU
9,크루세이더 퀘스트 - Crusaders Quest : 잭에 대하여,https://youtube.com/watch?v=YNgnsxP7cXI
10,한장상이 기억하는 잭 니클라우스의 어마어마한 장타력 ｜ '한국 골프의 전설' 한장상의 이야기 ｜ 민학수의 All That Golf,https://youtube.com/watch?v=ADrFSw1Rxy8
11,⛳️국내 명문 골프장 다녀왔어요! 잭니클라우스cc + 트리니티클럽,https://youtube.com/watch?v=7NsMUnR68qE
12,3부 골프 캐디는 딱 보면 안다는 불륜들의 특징과 부자들의 특징,https://youtube.com/watch?v=BrTiLv6JqO0
13,이런 캐디를 봤나? 🗣 용인 블루원CC에서 일했습니다,https://youtube.com/watch?v=-kVK-7eLe50
14,장지커와 비스카리아 - 라켓 한개만을 7년 사용한 어느 탁구선수의 이야기,https://youtube.com/watch?v=y1ATnA-Edoc
15,왜소한 김국진이 골프를 잘 칠 수 있는 세 가지 이유 ｜ 임진한의 골프 Q&A ｜ 민학수의 All That Golf,https://youtube.com/watch?v=2wyatSJ4f3Y
16,Golf Swing by Jack Nicklaus,https://youtube.com/watch?v=jBhlkNKjO6s
17,잭니클라우스 cc 드론영상,https://youtube.com/watch?v=rA1FRGaPix0
18,하늘에서 바라보는 인천대학 송도캠퍼스 & 잭니클라우스 GC 2018. 6. 16.  DJI  Mavic Pro,https://youtube.com/watch?v=AsIdi6r9t3A
19,잭니클라우스: DIY 스윙 '당신의 스윙을 디자인하라' 1편,https://youtube.com/watch?v=aImIuCD-sRU
20,[도그골프] 왜 갑자기 골프회원권 가격이 폭등할까? 국내 골프장 회원권 TOP 3 소개 최고의 재테크인가?,https://youtube.com/watch?v=sUJxwGvvzAw
21,잭 니클라우스 골프클럽,https://youtube.com/shorts/Fh0rrkw4x6M
22,"골프황제 잭니클라우스가 강조하는 평생의 골프원칙, 6가지",https://youtube.com/watch?v=ZJ9bgpiA-jo
23,잭니클라우스 회사소개,https://youtube.com/watch?v=WhaifU1Q-cY
24,잭니클라우스,https://youtube.com/watch?v=YtIx9ikswaM
25,인천 철인클럽 훈련영상 (잭니클라우스cc),https://youtube.com/watch?v=iZphVFBK-7Y
26,drone [드론영상] 송도 잭니클라우스 INSPIRE,https://youtube.com/watch?v=4p-3jQdB_jY
27,2018 UL인터내셔널크라운이 한국에 온다,https://youtube.com/watch?v=1L7CUQVvCmo
28,KPGA2승!!PGA투어 CJ Cup에 출전한 김한별 프로와 2020 제네시스 챔피언십 라운딩,https://youtube.com/watch?v=uRhcQ3ZJVsQ
29,송도 잭니클라우스 CC 라이딩,https://youtube.com/watch?v=TmFC9ijBOxI
30,[2015년10월9일]송도 잭니콜라우스,https://youtube.com/watch?v=dnPMHms0q7k
31,[제5인격] 잭이 좋아?! 잭이 좋냐고!! 난 좋아!!! 흥이다!!!,https://youtube.com/watch?v=WTf6GjOObb0
32,"잭니클라우스골프장, 코스트코, 송현아... 송도에 이렇게 다양한 시설들이?!",https://youtube.com/watch?v=31pPm8-QpiA
33,송도 잭니클라우스골프장 경기 실시간,https://youtube.com/watch?v=wDwZU7OEWpE
34,드론영상 송도 잭니클라우스 현장,https://youtube.com/watch?v=EYyOgcB2lMQ
35,이른 아침의 잭니클라우스 골프 클럽,https://youtube.com/watch?v=uKw52T3cVsg
36,2부] 티격태격 피똥 대결ㅋㅋㅣ홍인규 VS 변기수ㅣ신한동해ㅣ청라베어즈베스트,https://youtube.com/watch?v=xcQy_hzSqFU
37,"'피는 못 속여'…잭니클라우스 손자, 깜짝 홀인원",https://youtube.com/watch?v=Wg_pGlhL5xU
38,[이벤트렌탈] - 송도 잭니클라우스 골프장 대회,https://youtube.com/watch?v=K_hnbBgQ4TI
39,"배상문, 아이언샷~ 프레지던츠컵 열리는 잭니클라우스CC [59골프]",https://youtube.com/watch?v=vNscdGYrExk
40,"[유희왕] 전직 킹,'잭 아틀라스' - 캐릭터 집중탐구",https://youtube.com/watch?v=tAZn2P3Kip0
41,[사이퍼즈] 클리브X잭 한타모음집 3rd,https://youtube.com/watch?v=eUkQAk1Jkx0
42,전여친한테 털린 기분 어때?,https://youtube.com/watch?v=1zJ2-WSrmKQ
43,2015.10.11.프레지던츠컵결승,https://youtube.com/watch?v=XgYrY2jmaMA
44,착취 카밀에게 더 이상 희망은 없다 [갓키형],https://youtube.com/watch?v=fZm0bEdo6vo
45,Jack Nicklaus의 한국에서의 디자인 철학,https://youtube.com/watch?v=BV9Gs32hLMY&pp=ugMICgJrbxABGAE%3D
46,잭니클라우스가 설계한 베어즈 베스트!  미국코스 리뷰! feat미친똥바람,https://youtube.com/watch?v=6PlkYCfW0_U
47,[All About KOLON] 잭니클라우스 고객 초청 골프대회,https://youtube.com/watch?v=SQTte9fMzP0
48,[레미컴TV] KPGA 투어 'GENESIS CHAMPIONSHIP 2017'(2017 제네시스 챔피언십) 1라운드-잭 니클라우스 골프클럽 코리아(2017 09 21),https://youtube.com/watch?v=mtQA6OQbAkc
49,LA레이커스 멸망전 승리! 릅무국이 골무국보다 강한 이유를 Araboza!,https://youtube.com/watch?v=J2g_tUoEyvw
50,이런건 PGA에선 쌉가능이던데... #Shorts,https://youtube.com/shorts/c-KIOfnNvMI
51,런던을 차지하기 위한 갱스터들의 전쟁 [잭 스팟vs빌리 힐],https://youtube.com/watch?v=2QXXxFvXW8s
52,세계 최초! 자낳대에서 060 박은 전프로,https://youtube.com/watch?v=HD8bG9mt5IA
53,송도 아트센터 (아카데미로),https://youtube.com/watch?v=qg8jeUWJkY4
54,제네시스챔피언십 - 갤러리 매너,https://youtube.com/watch?v=BlqkeW2zpr8
55,2019년 국내 10대골프장 순위,https://youtube.com/watch?v=WcGvs9d1dvk
56,"송도 해안도로, 솔찬공원, 골프장 뷰!그리고 바다뷰! 힐링은 위한 UHD 4K 고화질 드론촬영",https://youtube.com/watch?v=tZDKrNrws4Q
57,충분한 필드메타라구요?? 당장 성기사 드가자~ 필드엔 버프 팔라딘 [크라니쉬 하스스톤],https://youtube.com/watch?v=pwZKfdMwIw8
58,결전 프랑키 60 잭+콜넵  Clash General Franky 60 Jack+Neptune,https://youtube.com/watch?v=hpJCuAmU-UY
59,[레미컴TV] KPGA 투어 'GENESIS CHAMPIONSHIP 2017'(2017 제네시스 챔피언십) 2라운드-잭 니클라우스 골프클럽 코리아(2017 09 22),https://youtube.com/watch?v=GgESmbQUbRI
60,D2 지하에는 악마가 산다. | 타르코프,https://youtube.com/watch?v=TP2TSgaZGmY
61,"[위스키리뷰] #32 어떤 Jack이 제일 맛있을까? 잭다니엘스 올드 넘버 7, 젠틀맨잭, 싱글배럴",https://youtube.com/watch?v=6RPWwm5i8fE
62,[골프레슨 골통 강박사] 골프지식편 001회. 2019 프레지던츠컵 Presidents Cup 2019 골프대회 완벽이해,https://youtube.com/watch?v=E5I0zPZtDL8
63,"내 이름은 한카리아스, 캐리머신이죠😎 [포켓몬 유나이트]",https://youtube.com/watch?v=vJ3hpbkEGA4
64,블랙잭 게임진행(1),https://youtube.com/watch?v=dUIdECzXbts
65,송도골프클럽,https://youtube.com/watch?v=38xuBO33d6I
66,프레지던츠컵 만들기: 송도 – 국제업무지구,https://youtube.com/watch?v=pIzzQhwRFlg&pp=ugMICgJrbxABGAE%3D
67,JACK NICKLAUS 스윙 - 슬로우 모션 프로 골프 스윙 분석,https://youtube.com/watch?v=2-R1MVQ18QE
68,크로니가 생각하는 벨즈 [ 홀로라이브/ 하코스 벨즈 ],https://youtube.com/watch?v=An2bHbrN_Io
69,151017_송도LNG_영대짱,https://youtube.com/watch?v=dpAj-trRBbQ
70,3부 골프 캐디는 딱 보면 안다는 불륜들의 특징과 부자들의 특징,https://youtube.com/watch?v=BrTiLv6JqO0
71,잭 니클라우스 스윙 분석,https://youtube.com/watch?v=NpbCi6Sr7aU&pp=ugMICgJrbxABGAE%3D
72,[블랙잭] 룰과 규칙,https://youtube.com/watch?v=i6FzTnDWcfY
73,프레지던츠컵 배상문&대니얼리 연습장면,https://youtube.com/watch?v=900uYN2M8hM
74,(03.06)[뱀파이어 서바이벌스]신맵 드가자,https://youtube.com/watch?v=VYn0_wexD80
75,"프레지던츠컵, 이변은 없었다…“배상문만 믿어”",https://youtube.com/watch?v=A2MnASChIDw
76,16kii kursi bari oo dhamantod galay gacanta Dani si lama filaan gudomiyihi feit oo xildhiba radinaya,https://youtube.com/watch?v=OURJ7sC39GE
77,"잭스vs그라가스, 펜타킬 먹고 싶다구요? 그런 당신에게!",https://youtube.com/watch?v=Su87J_zZI1k
78,[골프레슨 골통 강박사] 골프지식편 002회. 2019 프레지던츠컵 미국팀 우승 presidents cup USA Victory 경기결과,https://youtube.com/watch?v=kSBWRMHkGnA
79,2016 0409 아암도 갈매기,https://youtube.com/watch?v=JpT2T15RclY
80,살인 후 마네킹과 소개팅 시키는 미치광이 살인마 / 컨뎀드 스토리 한눈에 보기,https://youtube.com/watch?v=0mdG6ocBnT0
81,进来听国手分享故事,https://youtube.com/watch?v=g1DdXtuCVz8
82,黃金歲月 EP179 姊妹吵架｜Golden Years,https://youtube.com/watch?v=7AI_qNdOffg
83,kalian suka ga rumah ini ?,https://youtube.com/shorts/rl7uoVEaSWA
84,단돈 만원으로 파칭코에서 35배 수익내는 사람.....,https://youtube.com/watch?v=FPBEggmq7wo
85,赤バレが聞ききたかった…それだけなんです【リゼロ 鬼がかりver】,https://youtube.com/watch?v=ze5q6d7nsmo
86,점령전 노드보스 합본,https://youtube.com/watch?v=HukBlTz8sMg
87,혼란스러운 캐나다인은 호주 영어를 조사합니다,https://youtube.com/watch?v=0-r8QnePI34&pp=ugMICgJrbxABGAE%3D
88,우리동네명랑골프(영랑호 편-예선전),https://youtube.com/watch?v=a3I93u0nPnc
89,뮤지컬 스쿨 오브 락 20190609 커튼콜_코너 존 글룰리,https://youtube.com/watch?v=VKRDJ6mr6LI
90,そうまのお姉さん【PART2】ゆきむら。,https://youtube.com/watch?v=stMEFv5e_zo
91,뮤지컬 스쿨 오브 락 20190820 커튼콜_코너 존 글룰리,https://youtube.com/watch?v=iFFnN43nE64
92,뮤지컬 스쿨 오브 락 20190814 커튼콜_코너 존 글룰리,https://youtube.com/watch?v=tsVrOWD0zqQ
93,Super Mario 3D World에 대한 107가지 사실 - Super Coin Crew,https://youtube.com/watch?v=qW68anjyoFo&pp=ugMICgJrbxABGAE%3D
94,[필드Live] 청라베어즈베스트 전반-2플레이중입니다.,https://youtube.com/watch?v=doWrwqtRZNI
95,2015 프레지던츠컵 아담스캇 Pesidentscup 2015 Adam Scott,https://youtube.com/watch?v=m4J1yTQKxoE
96,뮤지컬 스쿨 오브 락 20190728 커튼콜_코너 존 글룰리,https://youtube.com/watch?v=gHZaWTLEMOw
97,myG Flowers Orukodi | R.Sreekandan Nair | Anjali Krishna | Ep#180,https://youtube.com/watch?v=NqvRs4JSbsg
98,"[UL 인터내셔널 크라운]  에리야 쭈타누깐 ""한국 선수중에 LPGA에서 훌륭한 선수들이 많다""",https://youtube.com/watch?v=ByRDAWFONqw
99,"커클랜드 웨지 리뷰! 이 가격, 이 성능에 웨지 3개?? 실화냐??",https://youtube.com/watch?v=OIQGxbUbl6U
100,PGA선수들은 얼마나 벌었을까? 역대 누적상금순위 Top10(Feat.한국선수들),https://youtube.com/watch?v=Ab1_4Pi80xo
101,10~30M 어프로치 잘하면 무조건 파 세이브!![골프도하 비기너 시리즈#24],https://youtube.com/watch?v=ADITdWXTbnM
102,حالم خوب 😂,https://youtube.com/watch?v=QWUdJn9t7uU
103,[전진식남자TV]청라베어즈베스트 라운딩,https://youtube.com/watch?v=h9f3KBaqYds
104,Jordan Spieth - 프레지던트컵/공식연습일/,https://youtube.com/watch?v=kbn_3D6Vzds
105,Gファンタジー「地縛少年 花子くん」17巻 CM,https://youtube.com/watch?v=SbRV20afnDU
106,베어즈베스트청라cc,https://youtube.com/watch?v=HT6cPL7qDzo
107,포커로 400억 이상 번 다니엘 니그리아뉴는 어떻게 상대 패를 다 아는 것일까?,https://youtube.com/watch?v=w3Mh9pHs3Fo
108,"🏑 아니 영기엄마가 미국에서 퍼터를 보냈지 뭐야 🏑  코스트코 KS-1 퍼터리뷰 (feat. 트리플트랙, 스카티 델마)",https://youtube.com/watch?v=1NNQ58DmPNk
109,국내 최고 팬트하우스와 함께 있는 가평 아난티 코드cc [골프도하 골프장 v-log],https://youtube.com/watch?v=BXzUN5rIlg4
110,Salphaatti as hin geenye!Baga nagaan geessan!Injifannoo isa dhugaanis nu haa gahu!,https://youtube.com/watch?v=zmWsmOurk6k
111,파3 몇점들 치시나요? 전... ㅋㅋㅋ,https://youtube.com/watch?v=33v4WbK0lu0
112,클리드 웃는게 제일 웃겨 | 젠지 클리드 라스칼 | Gen.G Clid Rascal | 도유TV TALK,https://youtube.com/watch?v=N7v79qDnqkQ
113,정상급 선수들에게도 '골프는 멘탈!' / YTN,https://youtube.com/watch?v=iYhVpn2TRa0
114,니클라우스 골프 마이웨이 - 원 기본 스윙,https://youtube.com/watch?v=4smKIu2uARU&pp=ugMICgJrbxABGAE%3D
115,Best Likee Short Version (16:9),https://youtube.com/watch?v=mP8w2Dzxol4
116,Tentacle Locker Gameplay,https://youtube.com/watch?v=_DIKk3Ia4c0
117,늦은 국제 영웅은 2 점 리드를 유지 | 3일차 | 프레지던츠 컵 2019,https://youtube.com/watch?v=AJftMNAl3-Y&pp=ugMICgJrbxABGAE%3D
118,GLORY 1K GAS?,https://youtube.com/watch?v=lyr6Yh0MatM
119,【GTA5】 초간단 GC2F 💥 친구에게 슈퍼카를 받는 방법,https://youtube.com/watch?v=n2cmpjt_sm8
120,🔴 [LIVE]  ​janji ga nangis #INDOPRIDERP,https://youtube.com/watch?v=kHvYbcMY3M8
121,【Original Song】Cukup - Mythia Batford,https://youtube.com/watch?v=7PgQSYSOWQM
122,ALROUNDER GOD IS LIVE 🔴||THANKYOU FOR THE SUPERCHAT|💸|🔥,https://youtube.com/watch?v=EYf8QKbgiN4
123,Наркомания из тик тока [ Gacha life | Gacha club],https://youtube.com/watch?v=pkNLyRhoKG4
124,Nah ini dia coyyy 😅  #5,https://youtube.com/watch?v=lEjlsMLsOFk
125,Golden Tie boundage,https://youtube.com/watch?v=gMpUeJRjC_Q
126,공허수류탄을 코파면서 살수있는 방법 (Destiny 2) (데스티니 가디언즈 마녀여왕 되살아난 자 시즌) [[VG]홀리],https://youtube.com/watch?v=DtJRwjeWmc0
127,Lost Ark Royal Roaders Group A 2nd Round W/ English Casting | [로스트아크] 2022 로열 로더스 – 16강 GROUP A,https://youtube.com/watch?v=tL0vcTw1aOY
128,Наркомания из Тик тока гача лайф ~{гача клуб}~ #2,https://youtube.com/watch?v=AoJu8Zqw5H4
129,Gacha Cringe Comp #18 (Gay Heat Edition),https://youtube.com/watch?v=F3fLXtGPMfE
130,HINALIKAN KO‼️ NAGALIT ANG ASAWA,https://youtube.com/watch?v=W9McXV4JAEk
131,보고 피라미드 조사 퀘스트라인 & 음성 텍스트 다이얼로그 (경이 월도 퀘스트) (Destiny 2) (데스티니 가디언즈 마녀여왕 되살아난 자 시즌) [[VG]홀리],https://youtube.com/watch?v=dVbaOe9onPc
132,Contract J.A.C.K. - Chapter 2: Trial by Gunfire | 殺手傑克 - 第二關 : 槍火試煉,https://youtube.com/watch?v=b9jHmt57jJI
133,Contract J.A.C.K. - Chapter 3 : Welcome to Czechoslovakia (1) | 殺手傑克 - 第三關 : 歡迎來到捷克斯洛伐克 (1),https://youtube.com/watch?v=K4N1RSOm-mQ
